Source,Target,Weight
John,Krishna,51
John,Vyāsa,47
Krishna,Vyāsa,445
Chandra,Vyāsa,3
Chandra,Vasudeva_Anakadundubhi,3
Krishna,Pandu,1150
Krishna,Vishnu,716
Vishnu,Vyāsa,53
Daksha,Vasishtha,33
Sanjaya,Vyāsa,111
Drona,Karna,1234
Ganga,Krishna,165
Ganga,Pandu,166
Ganga,Vyāsa,57
Pandu,Vyāsa,135
Vasudeva_Anakadundubhi,Vyāsa,82
Pandu,Vasudeva_Anakadundubhi,398
Vyāsa,Yudhishthira,365
Arjuna,Bhima,2447
Arjuna,Vyāsa,192
Arjuna,Yudhishthira,2108
Bhima,Vyāsa,79
Bhima,Yudhishthira,2031
Arjuna,Krishna,2959
Arjuna,Pandu,2074
Bhima,Krishna,1114
Bhima,Pandu,1478
Krishna,Yudhishthira,1673
Pandu,Yudhishthira,1646
Indra,Krishna,867
Indra,Pandu,608
Indra,Vayu,366
Krishna,Vayu,26
Pandu,Vayu,31
Arjuna,Nakula,434
Nakula,Yudhishthira,514
Krishna,Nakula,138
Arjuna,Vasudeva_Anakadundubhi,1088
Bhima,Vasudeva_Anakadundubhi,310
Krishna,Vasudeva_Anakadundubhi,1031
Vasudeva_Anakadundubhi,Yudhishthira,514
Arjuna,Duryodhana,1412
Bhima,Duryodhana,1275
Duryodhana,Vasudeva_Anakadundubhi,318
Duryodhana,Yudhishthira,1122
Drona,Vasudeva_Anakadundubhi,281
Drona,Duryodhana,1228
Drona,Sanjaya,882
Duryodhana,Sanjaya,806
Duryodhana,Pandu,955
Pandu,Sanjaya,568
Arjuna,Sanjaya,1156
Krishna,Sanjaya,608
Arjuna,Balarāma,18
Balarāma,Krishna,176
Balarāma,Sanjaya,4
Agni,Arjuna,218
Agni,Balarāma,6
Agni,Indra,1153
Agni,Krishna,160
Agni,Sanjaya,22
Arjuna,Indra,1415
Balarāma,Indra,8
Indra,Sanjaya,289
Agni,Draupadi,16
Arjuna,Draupadi,521
Draupadi,Indra,96
Draupadi,Sanjaya,89
Bhima,Draupadi,668
Bhima,Sanjaya,623
Draupadi,Pandu,325
Sanjaya,Yudhishthira,644
Bhima,Indra,486
Arjuna,Karna,2036
Bhima,Karna,1203
Indra,Karna,555
Karna,Sanjaya,727
Karna,Yudhishthira,669
Draupadi,Karna,186
Draupadi,Yudhishthira,695
Draupadi,Vasudeva_Anakadundubhi,81
Sanjaya,Vasudeva_Anakadundubhi,235
Duryodhana,Krishna,962
Drona,Krishna,757
Arjuna,Drona,1954
Arjuna,Ganga,281
Ganga,Sanjaya,93
Drona,Indra,473
Bhima,Drona,967
Karna,Krishna,786
Drona,Nakula,163
Karna,Nakula,244
Nakula,Sanjaya,78
Drona,Yudhishthira,912
Drona,Pandu,817
Draupadi,Drona,209
Draupadi,Krishna,508
Indra,Vyāsa,94
Indra,Ráma,610
Raghu,Sagara,27
Bhrigu,Ráma,342
Kali,Ráma,6
Duryodhana,Vyāsa,76
Draupadi,Ráma,27
Ráma,Sanjaya,42
Jambu,Karna,5
Arjuna,Jambu,6
Drona,Jambu,6
Jambu,Krishna,6
Duryodhana,Karna,1412
Draupadi,Vishnu,10
Draupadi,Vyāsa,48
Arjuna,Bhrigu,47
Bhrigu,Draupadi,2
Bhrigu,Krishna,75
Bhima,Dhrishtadyumna,586
Dhrishtadyumna,Krishna,209
Dhrishtadyumna,Vyāsa,19
Dhrishtadyumna,Draupadi,304
Arjuna,Dhrishtadyumna,452
Dhrishtadyumna,Ganga,63
Draupadi,Ganga,48
Arjuna,Vasishtha,68
Dhrishtadyumna,Vasishtha,1
Draupadi,Vasishtha,4
Ganga,Vasishtha,29
Krishna,Vasishtha,49
Vasishtha,Vyāsa,32
Balarāma,Bhima,8
Balarāma,Draupadi,4
Balarāma,Ganga,1
Balarāma,Vasishtha,2
Bhima,Ganga,93
Bhima,Vasishtha,3
Draupadi,Duryodhana,265
Karna,Vyāsa,45
Bhima,Maitreya,18
Duryodhana,Maitreya,31
Karna,Maitreya,5
Maitreya,Vyāsa,53
Arjuna,Maitreya,5
Maitreya,Yudhishthira,16
Draupadi,Maitreya,2
Krishna,Maitreya,155
Dhrishtadyumna,Duryodhana,242
Dhrishtadyumna,Maitreya,1
Dhrishtadyumna,Pandu,238
Dhrishtadyumna,Yudhishthira,409
Maitreya,Pandu,4
Indra,Yudhishthira,666
Agastya,Arjuna,20
Agastya,Indra,88
Agastya,Karna,8
Agastya,Ráma,113
Karna,Ráma,117
Agastya,Bhrigu,69
Bhrigu,Soma,51
Ráma,Soma,23
Agni,Janak,6
Agni,Soma,693
Indra,Janak,37
Indra,Soma,2650
Janak,Soma,13
Agni,Varuna,644
Indra,Varuna,898
Janak,Varuna,13
Agni,Bhima,33
Bhima,Janak,3
Bhima,Varuna,51
Draupadi,Janak,1
Draupadi,Varuna,5
Janak,Krishna,16
Krishna,Varuna,128
Bhima,Hanumán,70
Draupadi,Hanumán,7
Hanumán,Krishna,9
Hanumán,Varuna,1
Arjuna,Hanumán,8
Hanumán,Yudhishthira,6
Arjuna,Ráma,226
Bhima,Ráma,134
Duryodhana,Ráma,101
Ráma,Yudhishthira,165
Duryodhana,Indra,363
Indra,Vasudeva_Anakadundubhi,175
Jambu,Sanjaya,3
Jambu,Vyāsa,2
Jambu,Yudhishthira,4
Jambu,Vasudeva_Anakadundubhi,3
Drona,Vyāsa,100
Arjuna,Śiva,220
Drona,Śiva,61
Krishna,Śiva,330
Yudhishthira,Śiva,67
Vyāsa,Śiva,26
Balarāma,Duryodhana,18
Balarāma,Yudhishthira,11
Balarāma,Vyāsa,3
Draupadi,Śiva,9
Dhrishtadyumna,Drona,733
Dhrishtadyumna,Śiva,10
Ganga,Yudhishthira,229
Balarāma,Vasudeva_Anakadundubhi,36
Agni,Vyāsa,22
Agni,Yudhishthira,48
Yama,Yudhishthira,195
Indra,Yama,442
Vyāsa,Yama,11
Agni,Parjanya,32
Indra,Parjanya,50
Bhrigu,Indra,152
Bhrigu,Varuna,49
Agni,Bhrigu,95
Drona,Gautama,105
Bhrigu,Yudhishthira,79
Bhrigu,Surya,20
Bhrigu,Vishnu,57
Krishna,Soma,74
Soma,Surya,369
Soma,Vishnu,232
Surya,Vishnu,107
Krishna,Surya,82
Atri,Krishna,15
Atri,Vasudeva_Anakadundubhi,5
Atri,Vishnu,19
Vasudeva_Anakadundubhi,Vishnu,144
Daksha,Indra,62
Daksha,Vishnu,65
Indra,Vishnu,865
Agni,Daksha,8
Agni,Vishnu,239
Agni,Surya,277
Agni,Yama,165
Indra,Sachi,214
Sachi,Vayu,6
Soma,Yama,134
Surya,Yama,74
Arjuna,Níla,11
Pandu,Śiva,60
Soma,Varuna,497
Varuna,Yama,333
Indra,Vasishtha,104
Varuna,Vasishtha,40
Vasishtha,Yama,24
Krishna,Yama,226
Krishna,Ráma,230
Ráma,Vasishtha,54
Ráma,Yama,133
Bhrigu,Vyāsa,20
Kali,Krishna,65
Kali,Vyāsa,21
Bhima,Nakula,676
Arjuna,Sachi,29
Krishna,Sachi,68
Pandu,Sachi,17
Sachi,Vasudeva_Anakadundubhi,7
Agni,Pandu,65
Agni,Sachi,25
Agni,Vasudeva_Anakadundubhi,40
Arjuna,Vishnu,174
Pandu,Vishnu,85
Sachi,Vishnu,20
Agni,Duryodhana,27
Duryodhana,Vishnu,45
Devaki,Surya,4
Devaki,Vasudeva_Anakadundubhi,132
Devaki,Vishnu,51
Surya,Vasudeva_Anakadundubhi,15
Gautama,Krishna,14
Agni,Dhrishtadyumna,10
Agni,Drona,68
Agni,Gautama,11
Dhrishtadyumna,Gautama,32
Agni,Prahlāda,5
Dhrishtadyumna,Prahlāda,4
Draupadi,Gautama,18
Draupadi,Prahlāda,10
Drona,Prahlāda,19
Gautama,Prahlāda,5
Krishna,Prahlāda,44
Duryodhana,Prahlāda,13
Pandu,Prahlāda,2
Duryodhana,Yama,165
Pandu,Yama,228
Arjuna,Yama,388
Bhima,Yama,398
Indra,Nakula,68
Nakula,Pandu,307
Nakula,Yama,63
Duryodhana,Nakula,135
Nakula,Vasudeva_Anakadundubhi,55
Draupadi,Nakula,275
Angiras,Atri,103
Angiras,Daksha,51
Atri,Daksha,49
Aditi,Angiras,7
Aditi,Atri,6
Aditi,Daksha,32
Aditi,Kapila,7
Angiras,Kapila,7
Atri,Kapila,5
Daksha,Kapila,9
Aditi,Aryaman,109
Aditi,Indra,247
Aditi,Mitra,266
Aditi,Varuna,317
Aditi,Vishnu,121
Aryaman,Daksha,7
Aryaman,Indra,179
Aryaman,Kapila,3
Aryaman,Mitra,358
Aryaman,Varuna,344
Aryaman,Vishnu,68
Daksha,Mitra,7
Daksha,Varuna,15
Indra,Kapila,12
Indra,Mitra,469
Kapila,Mitra,4
Kapila,Varuna,11
Kapila,Vishnu,37
Mitra,Varuna,1031
Mitra,Vishnu,131
Varuna,Vishnu,208
Aryaman,Prahlāda,5
Indra,Prahlāda,79
Mitra,Prahlāda,2
Prahlāda,Varuna,13
Prahlāda,Vishnu,76
Aryaman,Báli,1
Báli,Indra,204
Báli,Mitra,1
Báli,Prahlāda,30
Báli,Varuna,17
Báli,Vishnu,59
Báli,Śiva,18
Prahlāda,Śiva,5
Naraka,Surya,2
Atri,Yama,7
Bhima,Kali,27
Bhima,Parjanya,7
Kali,Parjanya,7
Kali,Varuna,8
Parjanya,Varuna,33
Bhima,Daksha,10
Daksha,Kali,3
Daksha,Parjanya,6
Daksha,Surya,14
Chandra,Daksha,15
Chandra,Soma,17
Daksha,Soma,74
Dhruva,Soma,14
Agni,Dhruva,6
Chandra,Prahlāda,3
Níla,Surya,4
Ganga,Indra,146
Ganga,Yama,35
Bhrigu,Ganga,39
Bhrigu,Vasishtha,92
Bhrigu,Yama,11
Ganga,Ráma,168
Atri,Duryodhana,6
Atri,Pandu,2
Atri,Kali,8
Duryodhana,Kali,19
Kali,Pandu,13
Angad,Duryodhana,3
Angad,Karna,5
Arjuna,Soma,90
Bhima,Soma,32
Nakula,Soma,14
Soma,Yudhishthira,50
Dhrishtadyumna,Soma,16
Draupadi,Soma,13
Agni,Nakula,7
Dhrishtadyumna,Nakula,191
Dhrishtadyumna,Vasudeva_Anakadundubhi,66
Arjuna,Surya,103
Indra,Surya,399
Karna,Surya,162
Karna,Vasudeva_Anakadundubhi,247
Indra,Rukmini,7
Krishna,Rukmini,110
Rukmini,Vasudeva_Anakadundubhi,45
Draupadi,Rukmini,9
Draupadi,Sachi,5
Rukmini,Sachi,5
Chandra,Indra,12
Chandra,Yama,11
Dhruva,Indra,45
Angiras,Indra,94
Indra,Śiva,391
Angiras,Bhrigu,123
Vishnu,Yama,122
Ganga,Varuna,35
Soma,Vayu,289
Vayu,Yama,45
Angiras,Vasishtha,86
Angiras,Ráma,15
Angiras,Ganga,11
Ganga,Gautama,26
Báli,Ganga,9
Báli,Gautama,3
Báli,Surya,8
Mitra,Vyāsa,2
Varuna,Vyāsa,4
Surya,Vyāsa,15
Agastya,Pandu,14
Pandu,Soma,39
Vayu,Yudhishthira,17
Bhima,Vayu,28
Aditi,Arjuna,13
Aditi,Agni,182
Agni,Śiva,214
Vishnu,Śiva,307
Atri,Drona,42
Atri,Gautama,47
Atri,Indra,65
Atri,Vasishtha,108
Drona,Vasishtha,55
Gautama,Indra,91
Gautama,Vasishtha,60
Angiras,Drona,33
Angiras,Gautama,41
Daksha,Drona,5
Daksha,Gautama,15
Angiras,Arjuna,22
Arjuna,Atri,13
Arjuna,Daksha,7
Arjuna,Gautama,42
Angiras,Bhima,1
Angiras,Parjanya,3
Arjuna,Parjanya,17
Arjuna,Kali,19
Kali,Soma,16
Parjanya,Soma,29
Kali,Lakshmaṇ,1
Lakshmaṇ,Soma,3
Aryaman,Bhaga,131
Aryaman,Lakshmaṇ,2
Aryaman,Soma,85
Bhaga,Indra,163
Bhaga,Lakshmaṇ,2
Bhaga,Mitra,184
Bhaga,Soma,84
Bhaga,Varuna,155
Indra,Lakshmaṇ,118
Lakshmaṇ,Mitra,2
Lakshmaṇ,Varuna,4
Mitra,Soma,276
Aryaman,Pandu,5
Aryaman,Parjanya,7
Bhaga,Pandu,16
Bhaga,Parjanya,10
Bhaga,Vishnu,59
Lakshmaṇ,Pandu,3
Lakshmaṇ,Parjanya,2
Lakshmaṇ,Vishnu,39
Mitra,Pandu,6
Mitra,Parjanya,22
Pandu,Parjanya,7
Pandu,Varuna,70
Parjanya,Vishnu,27
Arjuna,Vayu,55
Duryodhana,Ganga,154
Bhima,Gautama,29
Duryodhana,Gautama,36
Gautama,Karna,25
Drona,Ganga,147
Drona,Ráma,124
Drona,Mahendra,17
Mahendra,Ráma,77
Bhrigu,Drona,104
Bhrigu,Mahendra,22
Angiras,Mahendra,4
Karna,Pandu,974
Arjuna,Varuna,132
Drona,Varuna,50
Bhima,Vishnu,40
Drona,Vishnu,76
Bhima,Guha,1
Agni,Guha,11
Guha,Śiva,24
Agni,Ganga,52
Ganga,Guha,48
Ganga,Śiva,56
Drona,Guha,1
Ganga,Karna,74
Drona,Yama,253
Arjuna,Báli,36
Agastya,Drona,26
Karna,Yama,231
Drona,Vayu,9
Surya,Vasishtha,33
Pandu,Vasishtha,8
Soma,Vasishtha,23
Dhrishtadyumna,Karna,305
Karna,Níla,14
Níla,Vasudeva_Anakadundubhi,3
Akrura,Krishna,126
Akrura,Rukmini,14
Akrura,Vasudeva_Anakadundubhi,28
Draupadi,Yama,43
Karna,Soma,16
Draupadi,Surya,15
Pandu,Surya,40
Agastya,Krishna,20
Agastya,Duryodhana,4
Bhima,Surya,35
Duryodhana,Surya,26
Karna,Vishnu,51
Ráma,Surya,12
Ráma,Vishnu,200
Pandu,Ráma,90
Ráma,Sachi,11
Karna,Sachi,14
Bhima,Devaki,23
Devaki,Drona,15
Devaki,Duryodhana,26
Devaki,Karna,34
Devaki,Krishna,180
Devaki,Pandu,46
Devaki,Ráma,3
Dhrishtadyumna,Yama,63
Soma,Vyāsa,12
Vayu,Vyāsa,5
Arjuna,Devaki,92
Devaki,Indra,30
Devaki,Vyāsa,12
Sachi,Soma,10
Sachi,Vasishtha,11
Ráma,Vasudeva_Anakadundubhi,80
Agni,Vayu,187
Surya,Vayu,69
Bhrigu,Pandu,31
Arjuna,Mahendra,61
Mahendra,Pandu,14
Akrura,Arjuna,19
Akrura,Ráma,10
Aditi,Bhima,4
Aditi,Draupadi,4
Aditi,Krishna,55
Aditi,Nakula,4
Aditi,Yudhishthira,8
Aditi,Soma,134
Soma,Vasudeva_Anakadundubhi,16
Varuna,Vasudeva_Anakadundubhi,24
Aryaman,Surya,42
Aryaman,Yama,11
Surya,Varuna,201
Bhaga,Surya,31
Mitra,Surya,116
Arjuna,Aryaman,7
Arjuna,Bhaga,11
Arjuna,Mitra,8
Aryaman,Krishna,4
Bhaga,Krishna,14
Krishna,Mitra,15
Vasudeva_Anakadundubhi,Vayu,6
Agni,Vasishtha,25
Devaki,Yudhishthira,51
Devaki,Draupadi,9
Arjuna,Rukmini,43
Ganga,Sachi,6
Sachi,Yama,17
Vasudeva_Anakadundubhi,Yama,54
Báli,Krishna,46
Báli,Maitreya,4
Báli,Yudhishthira,34
Indra,Maitreya,37
Báli,Vyāsa,6
Bhrigu,Báli,19
Bhrigu,Maitreya,16
Bhrigu,Gautama,48
Gautama,Vyāsa,6
Gautama,Yudhishthira,26
Akrura,Yudhishthira,4
Rukmini,Yudhishthira,10
Pandu,Rukmini,6
Varuna,Yudhishthira,64
Gautama,Pandu,22
Agni,Mitra,458
Agni,Aryaman,129
Agni,Bhaga,125
Dhruva,Yama,2
Arjuna,Dhruva,2
Arjuna,Lakshmaṇ,34
Dhruva,Lakshmaṇ,1
Dhruva,Ráma,3
Lakshmaṇ,Ráma,1340
Arjuna,Janak,10
Arjuna,Sagara,11
Janak,Lakshmaṇ,107
Janak,Ráma,244
Janak,Sagara,14
Lakshmaṇ,Sagara,7
Ráma,Sagara,24
Agastya,Yama,29
Arjuna,Prahlāda,7
Prahlāda,Yudhishthira,14
Arjuna,Naraka,30
Báli,Naraka,4
Naraka,Prahlāda,8
Naraka,Varuna,16
Naraka,Yudhishthira,4
Karna,Pingalaka,4
Karna,Vibhishaṇ,4
Pingalaka,Vibhishaṇ,4
Mahendra,Vibhishaṇ,4
Atri,Bhrigu,64
Bhrigu,Daksha,38
Angiras,Prahlāda,16
Atri,Prahlāda,3
Bhrigu,Prahlāda,6
Daksha,Prahlāda,10
Agastya,Angiras,31
Agastya,Atri,43
Agastya,Daksha,1
Agastya,Gautama,17
Agastya,Prahlāda,3
Aditi,Ganga,8
Aditi,Sachi,24
Sachi,Yudhishthira,11
Vayu,Śiva,48
Janak,Pandu,5
Níla,Pandu,11
Níla,Yudhishthira,10
Agni,Níla,30
Pandu,Vibhishaṇ,3
Nakula,Varuna,10
Ganga,Vasudeva_Anakadundubhi,43
Vishnu,Yudhishthira,102
Bhima,Śiva,40
Duryodhana,Śiva,36
Gautama,Vasudeva_Anakadundubhi,3
Gautama,Nakula,6
Duryodhana,Varuna,16
Angiras,Yama,17
Prahlāda,Yama,11
Karna,Prahlāda,8
Aryaman,Yudhishthira,1
Bhaga,Yudhishthira,7
Surya,Yudhishthira,52
Aryaman,Vayu,36
Bhaga,Vayu,47
Aryaman,Kali,4
Aryaman,Śiva,42
Bhaga,Kali,3
Bhaga,Yama,7
Bhaga,Śiva,68
Indra,Kali,25
Kali,Surya,6
Kali,Vayu,3
Kali,Vishnu,40
Kali,Yama,7
Kali,Śiva,11
Soma,Śiva,86
Surya,Śiva,69
Vayu,Vishnu,93
Yama,Śiva,127
Aryaman,Sagara,1
Bhaga,Sagara,1
Indra,Sagara,9
Kali,Sagara,3
Sagara,Soma,7
Sagara,Surya,9
Sagara,Varuna,25
Sagara,Vayu,2
Sagara,Vishnu,30
Sagara,Yama,14
Sagara,Śiva,17
Varuna,Vayu,160
Varuna,Śiva,161
Kali,Kapila,4
Kapila,Sagara,63
Kapila,Soma,12
Kapila,Vayu,4
Kapila,Yama,10
Kapila,Śiva,15
Kali,Maitreya,26
Kapila,Maitreya,11
Kapila,Surya,20
Maitreya,Sagara,14
Maitreya,Surya,7
Maitreya,Varuna,5
Maitreya,Vishnu,179
Maitreya,Yama,7
Maitreya,Śiva,22
Mahendra,Vishnu,37
Drona,Maitreya,6
Maitreya,Vasudeva_Anakadundubhi,14
Agastya,Bhima,9
Agastya,Yudhishthira,39
Bhima,Báli,23
Báli,Yama,23
Krishna,Naraka,89
Naraka,Vyāsa,2
Indra,Naraka,38
Naraka,Sachi,6
Sachi,Surya,8
Sachi,Śiva,19
Dhrishtadyumna,Vishnu,9
Bhima,Rukmini,3
Rukmini,Vyāsa,1
Dhrishtadyumna,Ráma,22
Rukmini,Yama,3
Devaki,Rukmini,7
Angiras,Yudhishthira,30
Atri,Yudhishthira,6
Báli,Draupadi,5
Kaśyap,Krishna,12
Draupadi,Kaśyap,5
Devaki,Kaśyap,2
Devaki,Sanjaya,31
Drona,Kaśyap,2
Kaśyap,Sanjaya,2
Kaśyap,Vyāsa,1
Mahendra,Varuna,23
Mahendra,Yama,19
Mahendra,Śiva,12
Krishna,Mahendra,24
Indra,Mahendra,64
Bhaga,Daksha,19
Daksha,Krishna,41
Daksha,Śiva,110
Bhaga,Drona,5
Bhaga,Karna,3
Drona,Surya,13
Ganga,Vishnu,50
Arjuna,Kapila,3
Kapila,Krishna,15
Krishna,Sagara,12
Mahendra,Yudhishthira,32
Dhrishtadyumna,Sanjaya,200
Akrura,Bhima,4
Akrura,Dhrishtadyumna,5
Akrura,Duryodhana,5
Akrura,Karna,4
Bhima,Sachi,12
Kali,Yudhishthira,16
Guha,Varuna,2
Angiras,Soma,51
Ganga,Kapila,31
Gautama,Janak,2
Gautama,Vishnu,6
Janak,Vishnu,17
Vasishtha,Vishnu,37
Ganga,Mahendra,11
Daśaratha,Ganga,7
Daśaratha,Ráma,293
Angiras,Krishna,14
Ganga,Kali,6
Ganga,Soma,27
Agastya,Ganga,8
Agastya,Mahendra,10
Agastya,Varuna,40
Angiras,Pandu,3
Bhrigu,Duryodhana,17
Agastya,Vishnu,26
Agastya,Mitra,16
Kapila,Vasudeva_Anakadundubhi,4
Sagara,Vasudeva_Anakadundubhi,3
Kapila,Yudhishthira,16
Sagara,Yudhishthira,14
Ganga,Sagara,48
Agastya,Vasishtha,42
Agastya,Sachi,10
Bhrigu,Kali,4
Bhrigu,Sachi,14
Agni,Ráma,27
Janak,Yudhishthira,33
Janak,Yama,8
Ganga,Nakula,11
Naraka,Pandu,6
Naraka,Vishnu,23
Agni,Naraka,4
Draupadi,Vayu,6
Hanumán,Indra,77
Hanumán,Pandu,12
Hanumán,Ráma,269
Hanumán,Yama,14
Báli,Hanumán,65
Báli,Pandu,9
Báli,Ráma,252
Hanumán,Vishnu,34
Hanumán,Raghu,122
Raghu,Ráma,831
Báli,Raghu,82
Báli,Sítá,45
Hanumán,Sítá,150
Raghu,Sítá,282
Ráma,Sítá,1250
Janak,Sítá,174
Ráma,Vibhishaṇ,189
Raghu,Vibhishaṇ,113
Bhima,Raghu,7
Bhima,Sítá,8
Raghu,Vishnu,28
Sítá,Vishnu,46
Duryodhana,Sítá,1
Duryodhana,Hanumán,3
Bhima,Mahendra,16
Agni,Mahendra,15
Mahendra,Soma,6
Mahendra,Vayu,1
Mahendra,Sachi,6
Sachi,Varuna,15
Arjuna,Tárá,7
Indra,Tárá,17
Devaki,Sachi,3
Balarāma,Pandu,5
Atri,Mahendra,4
Gautama,Mahendra,4
Ganga,Sítá,33
Krishna,Sítá,8
Mahendra,Níla,12
Kapila,Kumbhakarṇa,1
Kumbhakarṇa,Sagara,1
Agni,Angiras,156
Angiras,Śiva,32
Bhrigu,Śiva,66
Angiras,Tárá,3
Drona,Soma,23
Angiras,Surya,24
Angiras,Vishnu,15
Bhima,Kapila,3
Atri,Soma,80
Angiras,Varuna,39
Arjuna,Guha,3
Guha,Indra,9
Aditi,Sítá,5
Angiras,Vayu,8
Bhrigu,Vayu,4
Mitra,Vayu,100
Mitra,Śiva,82
Yahweh,Śiva,10
Vasudeva_Anakadundubhi,Yahweh,4
Guha,Vasudeva_Anakadundubhi,2
Daksha,Ganga,14
Daksha,Vayu,8
Ganga,Vayu,6
Karna,Naraka,16
Duryodhana,Naraka,4
Drona,Naraka,6
Karna,Varuna,29
Níla,Varuna,8
Aditi,Drona,6
Aditi,Karna,7
Aditi,Báli,18
Daksha,Pandu,10
Daksha,Yudhishthira,14
Bhaga,Draupadi,1
Daksha,Draupadi,1
Sítá,Yudhishthira,3
Lakshmaṇ,Sítá,635
Khara,Vibhishaṇ,12
Kumbhakarṇa,Vibhishaṇ,16
Lakshmaṇ,Yudhishthira,18
Lakshmaṇ,Vasishtha,3
Khara,Ráma,177
Khara,Raghu,38
Lakshmaṇ,Śiva,13
Ráma,Śiva,88
Lakshmaṇ,Raghu,325
Raghu,Śiva,9
Janak,Raghu,66
Arjuna,Sítá,6
Báli,Janak,8
Báli,Lakshmaṇ,76
Hanumán,Lakshmaṇ,114
Báli,Tárá,68
Ráma,Tárá,78
Lakshmaṇ,Tárá,33
Hanumán,Tárá,24
Sítá,Tárá,8
Indra,Sítá,114
Angad,Báli,76
Angad,Sítá,40
Hanumán,Janak,23
Angad,Níla,55
Angad,Raghu,71
Níla,Raghu,7
Ráma,Varuna,27
Lakshmaṇ,Vibhishaṇ,71
Angad,Ráma,128
Angad,Vibhishaṇ,39
Angad,Janak,2
Angad,Lakshmaṇ,63
Khara,Krishna,4
Krishna,Vibhishaṇ,7
Hanumán,Prahlāda,4
Kumbhakarṇa,Ráma,59
Kumbhakarṇa,Sítá,25
Janak,Kumbhakarṇa,5
Kumbhakarṇa,Lakshmaṇ,19
Kumbhakarṇa,Sachi,2
Lakshmaṇ,Sachi,4
Angad,Hanumán,95
Angad,Tárá,64
Hanumán,Níla,65
Hanumán,Vibhishaṇ,49
Níla,Tárá,6
Níla,Vibhishaṇ,14
Tárá,Vibhishaṇ,4
Níla,Ráma,45
Lakshmaṇ,Níla,16
Angad,Yudhishthira,3
Vibhishaṇ,Yudhishthira,4
Indra,Raghu,169
Indra,Vibhishaṇ,45
Sítá,Vibhishaṇ,36
Janak,Vibhishaṇ,7
Agni,Lakshmaṇ,2
Agni,Raghu,12
Lakshmaṇ,Vayu,2
Lakshmaṇ,Yama,29
Raghu,Varuna,11
Raghu,Vayu,4
Raghu,Yama,29
Ráma,Vayu,9
Sítá,Varuna,2
Raghu,Vasishtha,11
Sítá,Vasishtha,3
Vasishtha,Vibhishaṇ,3
Gautama,Yama,21
Aditi,Surya,51
Yahweh,Yudhishthira,6
Vasudeva_Anakadundubhi,Śiva,36
Bhrigu,Janak,12
Bhrigu,Sítá,6
Agastya,Janak,6
Agastya,Sítá,32
Sítá,Yama,32
Agastya,Draupadi,5
Agni,Karna,32
Karna,Vayu,5
Agni,Jesus,9
Agni,Sagara,10
Jesus,Raghu,3
Jesus,Sagara,3
Jesus,Soma,4
Jesus,Varuna,4
Jesus,Yama,4
Raghu,Soma,7
Arjuna,Jesus,2
Arjuna,Raghu,3
Báli,Drona,27
Agni,Devaki,8
Devaki,Varuna,5
Devaki,Vayu,3
Devaki,Yama,9
Devaki,Śiva,6
Krishna,Raghu,2
Duryodhana,John,5
Agastya,Agni,9
Duryodhana,Níla,5
Dhrishtadyumna,Indra,92
Sanjaya,Yama,74
Atri,Karna,2
Báli,Duryodhana,25
Aditi,Naraka,30
Aditi,Vasudeva_Anakadundubhi,3
Naraka,Vasudeva_Anakadundubhi,10
Drona,Sachi,12
Ráma,Vyāsa,40
Sanjaya,Vishnu,31
Jesus,Krishna,10
Chandra,Kali,1
Chandra,Krishna,15
Chandra,Duryodhana,2
Vasishtha,Vasudeva_Anakadundubhi,7
Bhrigu,Vasudeva_Anakadundubhi,13
Bhima,Bhrigu,3
Vasishtha,Yudhishthira,26
Aditi,Duryodhana,2
Kapila,Vasishtha,6
Sagara,Vasishtha,12
Agni,Chandra,7
Chandra,Sachi,4
Chandra,Sagara,4
Chandra,Surya,7
Chandra,Varuna,10
Chandra,Śiva,9
Sachi,Sagara,4
Agastya,Chandra,3
Agastya,Sagara,4
Agastya,Surya,4
Agastya,Śiva,6
Chandra,Vasishtha,3
Vasishtha,Śiva,15
Aditi,Agastya,6
Aditi,Bhrigu,17
Aditi,Chandra,2
Aditi,Sagara,2
Aditi,Vasishtha,3
Aditi,Yama,18
Aditi,Śiva,52
Bhrigu,Chandra,3
Bhrigu,Sagara,12
Aditi,Tárá,3
Agastya,Tárá,2
Agni,Tárá,1
Bhrigu,Tárá,3
Chandra,Tárá,1
Krishna,Tárá,1
Sachi,Tárá,1
Sagara,Tárá,1
Tárá,Varuna,1
Tárá,Vasishtha,2
Tárá,Yama,6
Tárá,Śiva,3
Aditi,Ráma,22
Aditi,Rukmini,4
Bhrigu,Rukmini,1
Rukmini,Ráma,9
Rukmini,Sítá,4
Rukmini,Tárá,2
Báli,Karna,15
Kali,Sanjaya,15
Duryodhana,Soma,13
Kali,Karna,5
Ganga,Surya,16
Akrura,Drona,3
Drona,Rukmini,5
Naraka,Rukmini,5
Ganga,Rukmini,2
Indra,Níla,29
Bhima,Lakshmaṇ,10
Arjuna,John,1
John,Ráma,8
Bhaga,Dhruva,4
Níla,Sanjaya,13
Hiranyaka,Níla,4
Ganga,Níla,6
Bhima,Kapinjala,1
Kapinjala,Mahendra,1
Kapila,Kapinjala,3
Kapinjala,Krishna,3
Chandra,Kapila,3
Chandra,Kapinjala,2
Chandra,Níla,3
Kapila,Níla,2
Kapinjala,Níla,1
Kapinjala,Varuna,1
Krishna,Níla,6
Sanjaya,Soma,13
Sanjaya,Surya,15
Kali,Vasudeva_Anakadundubhi,9
Bhrigu,Kapila,12
Aryaman,Ganga,2
Aryaman,Ráma,6
Ganga,Prahlāda,3
Prahlāda,Ráma,6
Arjuna,Yahweh,10
Gautama,Sanjaya,11
Dhrishtadyumna,Lakshmaṇ,8
Drona,Lakshmaṇ,30
Duryodhana,Lakshmaṇ,39
Bhima,Níla,15
Dhrishtadyumna,Níla,7
Draupadi,Níla,5
Mahendra,Vasudeva_Anakadundubhi,7
Angad,Arjuna,8
Angad,Krishna,5
Duryodhana,Mahendra,1
Angiras,Vasudeva_Anakadundubhi,3
Daksha,Vasudeva_Anakadundubhi,4
Drona,Níla,28
Karna,Mahendra,11
Sanjaya,Śiva,26
Sanjaya,Varuna,20
Duryodhana,Vayu,5
Sanjaya,Vayu,1
Devaki,Soma,2
John,Vasudeva_Anakadundubhi,1
John,Śiva,4
Indra,John,1
Nakula,Vishnu,16
Mahendra,Sanjaya,3
Draupadi,Mahendra,2
Mahendra,Nakula,3
Agni,Báli,9
Báli,Nakula,5
Draupadi,Lakshmaṇ,5
Angad,Drona,4
Naraka,Śiva,9
Nakula,Ráma,5
Karna,Lakshmaṇ,21
Mahendra,Vyāsa,4
Karna,Śiva,59
Devaki,Dhrishtadyumna,2
Devaki,Nakula,6
Nakula,Śiva,2
Angiras,Sachi,4
Angiras,Sanjaya,2
Báli,Sanjaya,11
Angiras,Duryodhana,3
Angiras,Yahweh,3
Indra,Yahweh,31
Krishna,Yahweh,15
Duryodhana,Yahweh,3
Sanjaya,Yahweh,5
Drona,Yahweh,4
Khara,Nakula,4
Bhima,Prahlāda,15
Prahlāda,Sanjaya,9
Dhrishtadyumna,Varuna,9
Krishna,Lakshmaṇ,13
Angad,Pandu,3
Angad,Sanjaya,4
Angad,Vasudeva_Anakadundubhi,2
Atri,Sanjaya,3
Bhima,Dhruva,5
Dhruva,Karna,5
Dhruva,Pandu,6
Gautama,Níla,2
Dhrishtadyumna,Dhruva,3
Dhruva,Draupadi,1
Dhruva,Nakula,1
Báli,Dhrishtadyumna,1
Angiras,Dhrishtadyumna,3
Vyāsa,Yahweh,3
Daksha,Ráma,9
Daksha,Vyāsa,14
Parjanya,Śiva,11
Daksha,Yama,9
Parjanya,Surya,15
Parjanya,Yama,3
David,John,7
David,Karna,4
David,Krishna,6
David,Vyāsa,6
John,Karna,6
David,Drona,1
David,Duryodhana,1
Drona,John,1
Bhrigu,Sanjaya,1
Bhrigu,Dhrishtadyumna,1
Mahendra,Naraka,4
Naraka,Ráma,4
Bhrigu,Karna,41
Bhrigu,Naraka,4
Níla,Yama,9
Bhrigu,Níla,4
Níla,Soma,2
Níla,Vishnu,2
Níla,Śiva,4
Karna,Parjanya,4
Duryodhana,Sachi,5
Angiras,Karna,4
Báli,Vasudeva_Anakadundubhi,4
Gautama,Soma,7
Angiras,Aryaman,3
Angiras,Bhaga,3
Angiras,Mitra,15
Aryaman,Bhrigu,1
Bhaga,Bhrigu,5
Bhrigu,Mitra,6
Atri,Śiva,12
Atri,Sachi,2
Daksha,Sachi,2
Balarāma,Bhrigu,3
Balarāma,Ráma,1
Mitra,Ráma,4
Bhaga,Sanjaya,2
Daksha,Sanjaya,1
Ganga,John,4
John,Yudhishthira,6
John,Pandu,2
Mahendra,Surya,5
Janak,Vyāsa,21
Angad,Indra,39
Dhruva,Kapila,4
Dhruva,Krishna,28
Atri,Maitreya,3
Atri,Surya,36
Atri,Vyāsa,7
Maitreya,Vasishtha,24
Atri,Ráma,16
Kapila,Ráma,4
Kapila,Vyāsa,14
Maitreya,Ráma,2
Angiras,Maitreya,7
Atri,Vayu,8
Daksha,Maitreya,31
Gautama,Kapila,7
Gautama,Maitreya,1
Gautama,Ráma,7
Gautama,Vayu,4
Maitreya,Vayu,1
Vasishtha,Vayu,2
Vasishtha,Yahweh,2
Janak,Prahlāda,4
Agastya,Báli,11
Báli,Vasishtha,4
Prahlāda,Vasishtha,1
Drona,Raghu,2
Aryaman,Atri,6
Janak,Kapila,6
Báli,Soma,12
Báli,Sachi,12
Bhima,Naraka,4
Daksha,Naraka,4
Dhruva,Ganga,4
Mitra,Yama,28
Guha,Vyāsa,2
Guha,Yudhishthira,2
Angiras,Janak,2
Janak,Vasishtha,15
Gautama,Śiva,3
Chitragupta,Yama,36
Hanumán,Vasudeva_Anakadundubhi,3
Prahlāda,Sachi,3
Aditi,Prahlāda,2
Kali,Naraka,2
Aditi,Kali,1
Kali,Vasishtha,1
Atri,Ganga,6
Akrura,Atri,3
Akrura,Vasishtha,3
Dhruva,Vishnu,50
Janak,Surya,2
Aditi,Parjanya,12
Dhruva,Vasishtha,8
Kapila,Sítá,3
Ganga,Jesus,3
Jesus,Yudhishthira,3
Indra,Jesus,4
Jesus,Śiva,10
Báli,Daksha,6
Aditi,Vyāsa,3
Kapila,Pandu,4
Chandra,Vishnu,5
Chandra,Yudhishthira,3
Agastya,Dhruva,6
Agastya,Vyāsa,3
Angiras,Dhruva,6
Angiras,Vyāsa,3
Atri,Dhruva,5
Bhrigu,Dhruva,6
Dhruva,Drona,6
Dhruva,Vyāsa,4
Dhruva,Yudhishthira,1
Guha,Surya,5
Guha,Vishnu,5
Krishna,Parjanya,2
Parjanya,Vayu,18
Atri,Devaki,3
Raghu,Yudhishthira,4
Agni,Atri,54
Guha,Yama,3
Aryaman,Guha,2
Bhaga,Guha,2
Guha,Mitra,2
Daksha,Jesus,4
Gautama,Varuna,8
Chitragupta,Vyāsa,1
Chitragupta,Kapila,4
Chitragupta,Surya,4
Bhaga,Vasudeva_Anakadundubhi,4
Aryaman,Dhruva,2
Dhruva,Mitra,5
Dhruva,Varuna,7
Atri,Varuna,29
Dhruva,Surya,2
Agastya,Soma,3
Bhrigu,Raghu,7
Angiras,Sagara,3
Gautama,Sagara,1
Agni,Kapila,2
Agni,Yahweh,2
Mitra,Vasishtha,14
Rukmini,Soma,3
Atri,Mitra,22
Gautama,Mitra,5
Drona,Sagara,1
Sagara,Vyāsa,1
Daksha,Janak,4
Daksha,Raghu,5
Daksha,Sagara,2
Ganga,Janak,9
Ganga,Raghu,24
Prahlāda,Vasudeva_Anakadundubhi,6
Bhima,John,1
Prahlāda,Soma,6
Mahendra,Prahlāda,3
Nakula,Vyāsa,4
Bhima,Mitra,4
Dhrishtadyumna,Mitra,4
Drona,Mitra,4
Duryodhana,Mitra,2
Karna,Mitra,1
Alexander,Indra,3
Nakula,Surya,3
Dhrishtadyumna,Surya,5
Ganga,Lakshmaṇ,37
Akrura,Pandu,6
Akrura,Indra,6
Akrura,Soma,3
Balarāma,Dhrishtadyumna,2
Balarāma,Karna,7
Balarāma,Soma,1
Balarāma,Surya,2
John,Vishnu,4
Kaikeyí,Ráma,280
Kaikeyí,Sítá,89
Kaikeyí,Sumitrá,60
Ráma,Sumitrá,124
Sumitrá,Sítá,58
Ganga,Kaikeyí,5
Ganga,Sumitrá,4
Guha,Kaikeyí,4
Guha,Ráma,96
Ikshváku,Ráma,149
Agastya,Ikshváku,2
Ikshváku,Sítá,35
Agastya,Khara,9
Khara,Sítá,30
Khara,Márícha,8
Márícha,Sítá,35
Márícha,Ráma,58
Indra,Kumbhakarṇa,29
Kaikeyí,Vishnu,5
Kaikeyí,Lakshmaṇ,74
Janak,Kaikeyí,20
Guha,Janak,3
Guha,Sítá,35
Guha,Lakshmaṇ,50
Guha,Yahweh,1
Lakshmaṇ,Yahweh,2
Ráma,Yahweh,5
Sítá,Yahweh,14
Daśaratha,Sítá,98
Kaikeyí,Raghu,48
Indra,Khara,30
Agastya,Márícha,6
Indra,Márícha,16
Agastya,Hanumán,6
Hanumán,Khara,7
Hanumán,Márícha,6
Márícha,Raghu,3
Báli,Márícha,1
Hanumán,Kumbhakarṇa,11
Ikshváku,Sagara,3
Daśaratha,Indra,45
Daśaratha,Ikshváku,54
Ikshváku,Indra,22
Daśaratha,Kaśyap,8
Daśaratha,Janak,32
Daśaratha,Vishnu,25
Indra,Kaikeyí,18
Indra,Sumitrá,14
Sumitrá,Vishnu,9
Báli,Níla,12
Aditi,Kaikeyí,2
Aditi,Lakshmaṇ,1
Aditi,Sumitrá,3
Lakshmaṇ,Sumitrá,101
Daśaratha,Lakshmaṇ,93
Márícha,Vasishtha,3
Ikshváku,Raghu,30
Daśaratha,Raghu,44
Lakshmaṇ,Márícha,24
Ganga,Ikshváku,12
Ikshváku,Śiva,9
Ganga,Yahweh,3
Sítá,Śiva,32
Aditi,Kaśyap,22
Indra,Kaśyap,21
Kaśyap,Ráma,20
Kaśyap,Vishnu,10
Ikshváku,Vasishtha,4
Bhrigu,Ikshváku,4
Daśaratha,Śiva,3
Janak,Śiva,2
Janak,Kaśyap,1
Ikshváku,Janak,18
Ikshváku,Kaśyap,7
Ikshváku,Lakshmaṇ,52
Bhrigu,Daśaratha,6
Bhrigu,Kaśyap,3
Kaśyap,Mahendra,5
Kaśyap,Raghu,3
Mahendra,Raghu,10
Daśaratha,Mahendra,10
Ikshváku,Sumitrá,10
Daśaratha,Kaikeyí,38
Kaśyap,Lakshmaṇ,2
Raghu,Sumitrá,32
Agni,Sumitrá,2
Agni,Sítá,5
Agastya,Lakshmaṇ,30
Agastya,Raghu,12
Raghu,Yahweh,7
Ikshváku,Mahendra,2
Ikshváku,Kaikeyí,28
Kaikeyí,Mahendra,1
Daśaratha,Sagara,2
Kaikeyí,Sagara,4
Mahendra,Sítá,12
Daśaratha,Sumitrá,26
Guha,Raghu,6
Daśaratha,Guha,7
Guha,Ikshváku,6
Janak,Sumitrá,12
Lakshmaṇ,Mahendra,16
Ikshváku,Parjanya,3
Parjanya,Ráma,2
Guha,Sumitrá,3
Aditi,Raghu,1
Atri,Lakshmaṇ,4
Atri,Sítá,2
Agastya,Sumitrá,4
Agastya,Daśaratha,4
Angiras,Raghu,2
Atri,Raghu,3
Angiras,Kaśyap,5
Atri,Kaśyap,3
Daksha,Kaśyap,10
Khara,Kumbhakarṇa,7
Khara,Lakshmaṇ,22
Daśaratha,Khara,14
Khara,Yama,11
Daksha,Khara,2
Khara,Śiva,2
Khara,Vishnu,8
Daśaratha,Márícha,4
Márícha,Yama,6
Ikshváku,Khara,6
Ganga,Khara,1
Mahendra,Sumitrá,3
Báli,Sumitrá,4
Daśaratha,Hanumán,12
Hanumán,Sumitrá,5
Báli,Mahendra,7
Angad,Daśaratha,5
Angad,Ikshváku,6
Raghu,Tárá,22
Daśaratha,Tárá,1
Báli,Ikshváku,9
Angad,Yama,7
Sumitrá,Tárá,2
Báli,Daśaratha,8
Angad,Vishnu,6
Hanumán,Mahendra,4
Daksha,Sítá,4
Ganga,Hanumán,7
Hanumán,Ikshváku,12
Níla,Yahweh,3
Janak,Khara,1
Daśaratha,Kumbhakarṇa,8
Kumbhakarṇa,Raghu,26
Kumbhakarṇa,Yama,14
Vibhishaṇ,Yama,4
Vibhishaṇ,Yahweh,3
Báli,Vibhishaṇ,7
Hanumán,Sagara,1
Sagara,Vibhishaṇ,2
Ikshváku,Vibhishaṇ,8
Ikshváku,Yama,7
Garuḍa,Sítá,6
Chandra,Hanumán,3
Kumbhakarṇa,Níla,11
Ikshváku,Vishnu,4
Ikshváku,Kumbhakarṇa,6
Angad,Kumbhakarṇa,4
Báli,Kumbhakarṇa,8
Kumbhakarṇa,Sumitrá,5
Báli,Khara,1
Hanumán,Śiva,11
Vishnu,Yahweh,3
Mahendra,Yahweh,3
Atri,Guha,1
Guha,Hanumán,9
Kaikeyí,Vibhishaṇ,2
Sumitrá,Vibhishaṇ,2
Kaśyap,Sítá,3
Daśaratha,Krishna,3
Daśaratha,Yama,4
Flavius Josephus,Ráma,1
Flavius Josephus,Herod,3
Herod,Indra,1
Edom,Ráma,3
Angad,Angiras,3
Angad,Aryaman,1
Atri,Báli,2
Bhaga,Báli,2
Gautama,Guha,1
Gautama,Hanumán,1
Kaśyap,Khara,2
Soma,Sítá,3
Chandra,Daśaratha,3
Chandra,Ráma,3
Daśaratha,Soma,5
Darius,Esther,3
Esther,Noah,1
Indra,Noah,1
Kaikeyí,Soma,3
Indra,Satan,3
Alexander,Lakshmaṇ,3
Alexander,Ráma,2
Garuḍa,Ikshváku,5
Garuḍa,Śiva,28
Jambu,Vishnu,9
Agni,Kaśyap,3
Kaśyap,Śiva,13
Isaac,Ishmael,4
Ptolemy,Vishnu,16
Ptolemy,Ráma,4
Kaśyap,Soma,1
Kaśyap,Márícha,1
Márícha,Śiva,3
Daksha,Hanumán,3
Adam,Indra,3
Michael,Satan,4
Michael,Soma,3
Satan,Soma,3
Garuḍa,Tárá,3
Garuḍa,Indra,15
Báli,Garuḍa,4
Garuḍa,Ráma,3
Angad,Garuḍa,2
Angad,Yahweh,2
Tárá,Yahweh,1
Daksha,Mahendra,1
Dhruva,Hanumán,3
Dhruva,Śiva,3
Kumbhakarṇa,Vishnu,9
Angad,Ganga,1
Agastya,Ptolemy,3
Mahendra,Ptolemy,2
Angad,Śiva,2
Angad,Márícha,3
Garuḍa,Yama,52
Daśaratha,Garuḍa,3
Garuḍa,Kaikeyí,3
Kaikeyí,Yama,3
Garuḍa,Vishnu,16
Garuḍa,Mahendra,4
Garuḍa,Hanumán,5
Garuḍa,Sagara,4
Daksha,Garuḍa,1
Hanumán,Satan,1
Prahlāda,Sítá,3
Garuḍa,Raghu,1
Bhrigu,Garuḍa,6
Bhrigu,Hanumán,1
Ganga,Vibhishaṇ,1
Vibhishaṇ,Śiva,3
Níla,Sítá,3
Agni,Hanumán,3
Kumbhakarṇa,Śiva,1
Aditi,Yahweh,5
Hanumán,Nakula,1
Drona,Hanumán,1
Kapila,Prahlāda,3
Asvins,Tvastar,35
Asvins,Indra,229
Asvins,Mitra,147
Asvins,Soma,317
Asvins,Varuna,166
Asvins,Vayu,54
Indra,Tvastar,117
Agni,Tvastar,74
Soma,Tvastar,65
Agni,Brhaspati,91
Bhaga,Brhaspati,30
Brhaspati,Indra,184
Brhaspati,Mitra,45
Brhaspati,Soma,114
Brhaspati,Vayu,32
Agni,Kanva,28
Bhaga,Kanva,6
Brhaspati,Kanva,8
Indra,Kanva,45
Kanva,Mitra,5
Kanva,Soma,30
Kanva,Vayu,4
Agni,Asvins,188
Sachi,Tvastar,3
Aditi,Bhaga,71
Agni,Matarisvan,56
Agni,Vivasvan,35
Angiras,Matarisvan,3
Angiras,Vivasvan,5
Matarisvan,Vivasvan,7
Asvins,Bhaga,71
Angiras,Asvins,5
Asvins,Atri,91
Angiras,Kanva,2
Atri,Kanva,15
Asvins,Vivasvan,10
Soma,Vivasvan,31
Asvins,Kanva,43
Indra,Vivasvan,41
Tvastar,Vishnu,25
Angiras,Brhaspati,21
Aditi,Asvins,55
Aryaman,Asvins,49
Asvins,Brhaspati,34
Aryaman,Brhaspati,23
Brhaspati,Varuna,62
Brhaspati,Vishnu,24
Aditi,Tvastar,30
Mitra,Tvastar,34
Tvastar,Varuna,44
Aditi,Brhaspati,27
Asvins,Kali,7
Aditi,Vayu,34
Asvins,Surya,101
Asvins,Yama,7
Agastya,Asvins,16
Vayu,Vivasvan,5
Mitra,Vivasvan,12
Varuna,Vivasvan,13
Aryaman,Kanva,4
Atri,Brhaspati,2
Tvastar,Vayu,26
Indra,Matarisvan,20
Asvins,Vishnu,57
Brhaspati,Tvastar,23
Aryaman,Tvastar,19
Matarisvan,Mitra,8
Matarisvan,Varuna,6
Matarisvan,Yama,4
Brhaspati,Matarisvan,10
Tvastar,Śiva,23
Bhaga,Tvastar,21
Surya,Tvastar,9
Angiras,Tvastar,3
Agni,Kapinjala,2
Kapinjala,Soma,3
Matarisvan,Soma,16
Brhaspati,Surya,18
Parjanya,Sítá,1
Atri,Bhaga,8
Asvins,Śiva,25
Kanva,Varuna,2
Kanva,Śiva,2
Brhaspati,Śiva,13
Bhaga,Sachi,1
Asvins,Parjanya,10
Atri,Parjanya,3
Atri,Tvastar,1
Parjanya,Tvastar,8
Agastya,Kanva,3
Kanva,Vishnu,4
Kali,Mitra,2
Aditi,Vivasvan,11
Soma,Yahweh,11
Matarisvan,Vishnu,3
Vishnu,Vivasvan,2
Vivasvan,Yahweh,4
Vayu,Yahweh,1
Bhaga,Yahweh,3
Tvastar,Yama,4
Vivasvan,Yama,22
Brhaspati,Yama,18
Brhaspati,Vivasvan,4
Bhaga,Vivasvan,1
Matarisvan,Tvastar,4
Surya,Vivasvan,3
Brhaspati,Parjanya,9
Maitreya,Parāçara,198
Parāçara,Vasishtha,10
Parāçara,Vishnu,171
Parāçara,Vasudeva_Anakadundubhi,29
Parāçara,Śiva,21
Daksha,Dhruva,8
Maitreya,Prahlāda,28
Maitreya,Soma,14
Dhruva,Vasudeva_Anakadundubhi,4
Dhruva,Ribhu,1
Ribhu,Vasudeva_Anakadundubhi,1
Indra,Ribhu,1
Nakula,Sagara,3
Janak,Tárá,3
Soma,Tárá,8
Akrura,Balarāma,47
Balarāma,Devaki,26
Balarāma,Vishnu,25
Balarāma,Drona,8
Devaki,Kali,3
Akrura,Vishnu,18
Balarāma,Rukmini,12
Balarāma,Naraka,9
Aditi,Balarāma,2
Balarāma,Sachi,1
Krishna,Parāçara,259
Angiras,Parāçara,2
Atri,Parāçara,3
Bhrigu,Parāçara,11
Daksha,Parāçara,15
Indra,Parāçara,61
Gautama,Parāçara,2
Agni,Maitreya,2
Agni,Parāçara,2
Dhruva,Parāçara,41
Dhruva,Maitreya,19
Dhruva,Yahweh,4
Parāçara,Varuna,5
Parāçara,Soma,3
Aryaman,Kaśyap,3
Kaśyap,Mitra,3
Bhaga,Kaśyap,2
Kaśyap,Maitreya,4
Kaśyap,Prahlāda,2
Parāçara,Prahlāda,61
Parāçara,Yama,9
Báli,Parāçara,3
Báli,Kapila,3
Kapila,Parāçara,2
Jambu,Maitreya,7
Jambu,Parāçara,7
Dhruva,Jambu,2
Chandra,Dhruva,3
Chandra,Drona,4
Maitreya,Naraka,4
Bhrigu,Parjanya,3
Gautama,Parjanya,3
Parjanya,Vasishtha,1
Bhaga,Gautama,2
Bhaga,Maitreya,2
Maitreya,Parjanya,1
Dhruva,Mahendra,2
Mahendra,Mitra,3
Parāçara,Ribhu,2
Krishna,Ribhu,6
Aditi,Maitreya,3
Parāçara,Vyāsa,19
Parāçara,Surya,2
Nakula,Parāçara,5
Maitreya,Nakula,1
Parāçara,Sagara,10
Janak,Parāçara,10
Balarāma,Parāçara,38
Janak,Maitreya,8
Janak,Sanjaya,1
Maitreya,Sanjaya,1
Balarāma,Janak,5
Duryodhana,Janak,4
Akrura,Janak,2
Akrura,Parāçara,18
Nakula,Vayu,6
Karna,Parāçara,6
Bhima,Parāçara,7
Kali,Parāçara,16
Devaki,Maitreya,3
Devaki,Parāçara,12
Naraka,Parāçara,12
Aditi,Devaki,3
Arjuna,Parāçara,10
Parāçara,Yudhishthira,4
Akrura,Devaki,6
Parāçara,Sachi,14
Balarāma,Varuna,3
Maitreya,Rukmini,5
Parāçara,Rukmini,18
Devaki,Naraka,3
Aditi,Parāçara,7
Rukmini,Śiva,2
Guha,Krishna,4
Balarāma,Guha,3
Balarāma,Śiva,2
Balarāma,Maitreya,8
Duryodhana,Parāçara,3
Drona,Parāçara,4
Janak,Khāndikya,11
Khāndikya,Krishna,7
Khāndikya,Maitreya,4
Khāndikya,Parāçara,8
Khāndikya,Vishnu,2
Bhrigu,Ribhu,3
John,Yama,2
Garuḍa,Krishna,41
Chitragupta,Garuḍa,5
Chitragupta,Krishna,1
Brahmâ,Krishna,4
Ajâmila,Krishna,7
Ajâmila,Yama,2
Brahmâ,Garuḍa,8
Brahmâ,Yama,20
Ajâmila,Vishnu,3
Brahmâ,Śiva,25
Brahmâ,Sagara,3
Brahmâ,Soma,2
Brahmâ,Chandra,3
Garuḍa,Kali,2
Atri,Chitragupta,2
Agastya,Chitragupta,1
Dharmabuddhi,Papabuddhi,38
Dharmabuddhi,Somilaka,1
Papabuddhi,Somilaka,1
Chakradhara,Vararuchi,1
Chakradhara,Chandra,9
Chakradhara,Soma,11
Pingalaka,Sanjivaka,91
Damanaka,Karataka,106
Damanaka,Pingalaka,126
Damanaka,Sanjivaka,126
Karataka,Pingalaka,38
Karataka,Sanjivaka,40
Damanaka,Śiva,8
Pingalaka,Śiva,8
Damanaka,Dantila,13
Dantila,Sanjivaka,7
Dantila,Gorambha,22
Dantila,Pingalaka,2
Ashadhbhuti,Damanaka,8
Ashadhbhuti,Sanjivaka,4
Ashadhbhuti,Karataka,6
Ashadhbhuti,Dev Sharma,24
Damanaka,Dev Sharma,6
Dev Sharma,Karataka,3
Dev Sharma,Sanjivaka,1
Ashadhbhuti,Pingalaka,1
Bhasuraka,Damanaka,3
Bhasuraka,Karataka,3
Damanaka,Kukudruma,7
Kukudruma,Pingalaka,4
Kukudruma,Sanjivaka,4
Damanaka,Madotkata,3
Madotkata,Sanjivaka,3
Anagatavidhata,Yadbhavishya,9
Damanaka,Vishnu,2
Damanaka,Shami,3
Dharmabuddhi,Karataka,5
Karataka,Papabuddhi,9
Damanaka,Dharmabuddhi,6
Damanaka,Papabuddhi,8
Dharmabuddhi,Shami,11
Papabuddhi,Shami,11
Papabuddhi,Pingalaka,6
Jveernadhana,Karataka,6
Damanaka,Jveernadhana,2
Jveernadhana,Sanjivaka,1
Laghupatanaka,Yama,4
Chitragreeva,Laghupatanaka,11
Chitragreeva,Hiranyaka,22
Hiranyaka,Yama,3
Chitragreeva,Yama,2
Hiranyaka,Laghupatanaka,40
Laghupatanaka,Mantharaka,35
Hiranyaka,Mantharaka,44
Hiranyaka,Śiva,2
Hiranyaka,Somilaka,2
Mantharaka,Somilaka,9
Guptadhana,Somilaka,16
Guptadhana,Mantharaka,3
Arimaradana,Meghavarana,5
Meghavarana,Mitra,6
Arimaradana,Prakarakarna,13
Arimaradana,Yama,3
Arimaradana,Drona,3
Meghavarana,Varuna,7
Mandavishya,Meghavarana,3
Mandavishya,Varuna,3
Chakradhara,Suvaranasiddhi,38
Chakradhara,Sahasrabuddhi,8
Chakradhara,Shatabuddhi,7
Sahasrabuddhi,Shatabuddhi,14
Sahasrabuddhi,Suvaranasiddhi,4
Shatabuddhi,Suvaranasiddhi,3
Chakradhara,Mantharaka,9
Mantharaka,Suvaranasiddhi,5
Mantharaka,Soma,2
Soma,Suvaranasiddhi,7
Chandra,Suvaranasiddhi,7
Anagatavidhata,Chakradhara,2
Anagatavidhata,Suvaranasiddhi,2
Anagatavidhata,Arimaradana,3
Anagatavidhata,Arjuna,3
Anagatavidhata,Ashadhbhuti,3
Arimaradana,Arjuna,4
Arimaradana,Ashadhbhuti,4
Arimaradana,Chakradhara,1
Arimaradana,Suvaranasiddhi,1
Arjuna,Ashadhbhuti,4
Arjuna,Chakradhara,1
Arjuna,Suvaranasiddhi,1
Ashadhbhuti,Chakradhara,1
Ashadhbhuti,Suvaranasiddhi,1
Bhasuraka,Vishnu,3
Bhasuraka,Śiva,2
Chakradhara,Chitragreeva,2
Chandra,Chitragreeva,3
Chandra,Damanaka,1
Chandra,Dantila,1
Chitragreeva,Damanaka,2
Chitragreeva,Dantila,2
Chitragreeva,Dev Sharma,1
Dantila,Dev Sharma,3
Damanaka,Drona,2
Dantila,Dharmabuddhi,2
Dantila,Drona,2
Dev Sharma,Dharmabuddhi,3
Dev Sharma,Drona,3
Dharmabuddhi,Drona,4
Dantila,Śiva,1
Dev Sharma,Śiva,2
Dharmabuddhi,Śiva,3
Dev Sharma,Ganga,1
Dharmabuddhi,Ganga,2
Dharmabuddhi,Vishnu,1
Ganga,Gorambha,2
Gorambha,Vishnu,4
Gorambha,Śiva,1
Ganga,Guptadhana,1
Gorambha,Guptadhana,3
Guptadhana,Vishnu,4
Gorambha,Indra,2
Guptadhana,Indra,3
Indra,Kamadeva,1
Kamadeva,Vishnu,1
Kamadeva,Kapinjala,3
Kamadeva,Karataka,2
Kapinjala,Karataka,3
Karataka,Kukudruma,1
Karataka,Laghupatanaka,1
Kukudruma,Laghupatanaka,4
Kukudruma,Vishnu,3
Laghupatanaka,Vishnu,3
Kukudruma,Śiva,2
Laghupatanaka,Śiva,2
Kukudruma,Madotkata,1
Laghupatanaka,Madotkata,1
Madotkata,Vishnu,3
Madotkata,Śiva,3
Madotkata,Mandavishya,1
Mandavishya,Mantharaka,3
Krishna,Mandavishya,1
Krishna,Mantharaka,2
Mandavishya,Vishnu,1
Mantharaka,Vishnu,2
Krishna,Meghavarana,4
Mantharaka,Meghavarana,1
Meghavarana,Vishnu,3
Meghavarana,Naraka,1
Mitra,Naraka,2
Krishna,Papabuddhi,1
Krishna,Pingalaka,1
Krishna,Prakarakarna,1
Naraka,Papabuddhi,1
Naraka,Pingalaka,1
Naraka,Prakarakarna,1
Papabuddhi,Prakarakarna,4
Papabuddhi,Śiva,2
Pingalaka,Prakarakarna,4
Prakarakarna,Śiva,2
Sahasrabuddhi,Sanjivaka,4
Sahasrabuddhi,Shami,1
Sanjivaka,Shami,1
Shami,Shatabuddhi,2
Shami,Śiva,2
Shatabuddhi,Śiva,4
Shatabuddhi,Soma,1
Soma,Somilaka,3
Soma,Tamrachuda,2
Somilaka,Tamrachuda,3
Vararuchi,Varuna,2
Vararuchi,Vayu,1
Varuna,Yadbhavishya,1
Vayu,Yadbhavishya,2
Vishnu,Yadbhavishya,4
Yadbhavishya,Yama,3
